<?xml version="1.0" encoding="UTF-8"?>
<!DOCTYPE mapper PUBLIC "-//mybatis.org//DTD Mapper 3.0//EN" "http://mybatis.org/dtd/mybatis-3-mapper.dtd">
<mapper namespace="com.yedam.app.board.mapper.ReplyMapper">
	<select id="getList" resultType="ReplyVO">
		SELECT
		RNO, BNO, REPLY, REPLYER, REPLYDATE, UPDATEDATE
		FROM study_reply
		WHERE BNO=#{bno}
	</select>

	<select id="read" resultType="ReplyVO" parameterType="ReplyVO">
		SELECT * 
		FROM study_reply WHERE rno=#{rno}
	</select>
	
	<insert id="insert">
		<selectKey keyProperty="rno" resultType="long"
			order="BEFORE">
			select seq_studyre.nextval from dual
		</selectKey>
		INSERT INTO study_reply(
		RNO,
		BNO,
		REPLY,
		REPLYER
		)
		VALUES(
		#{rno},
		#{bno},
		#{reply},
		#{replyer}
		)
	</insert>
	<update id="update">
		UPDATE tbl_reply set
		reply=#{reply},
		updatedate=sysdate
		WHERE rno=#{rno}
	</update>
	<delete id="delete">
		DELETE FROM study_reply WHERE rno=#{rno}
	</delete>
</mapper>