<?xml version="1.0" encoding="UTF-8"?>
<!DOCTYPE mapper PUBLIC "-//mybatis.org//DTD Mapper 3.0//EN" "http://mybatis.org/dtd/mybatis-3-mapper.dtd">
<mapper namespace="com.yedam.app.board.mapper.StudyMapper">
	<select id="getList" resultType="StudyVO">
		SELECT BNO
		 	 , TITLE
		 	 , CONTENT
		 	 , WRITER 
		 	 , REGDATE
		FROM STUDY
	</select>
	
	<select id="read" resultType="StudyVO">
		SELECT BNO
		 	 , TITLE
		 	 , CONTENT
		 	 , WRITER 
		 	 , REGDATE
		FROM STUDY
		WHERE BNO=#{bno}
	</select>
	
	<insert id="insert" parameterType="StudyVO">
		<selectKey keyProperty="bno" resultType="long" order="BEFORE">
			SELECT SEQ_STUDY.NEXTVAL FROM DUAL
		</selectKey>
		 INSERT INTO STUDY ( BNO
		 				   , TITLE
		 				   , CONTENT
		 				   , WRITER
		 				   )
		 VALUES ( #{bno}
		 		, #{title}
		 		, #{content}
		 		, #{writer}
		 )
	</insert>
	
	<delete id="delete">
		DELETE FROM STUDY 
		WHERE BNO = #{bno}
	</delete>
	
	<update id="update">
		UPDATE STUDY SET TITLE=#{title},
		CONTENT=#{content},
		WRITER=#{writer},
		REGDATE=sysdate
		WHERE BNO=#{bno}
	</update>
</mapper>