<?xml version="1.0" encoding="UTF-8"?>
<beans xmlns="http://www.springframework.org/schema/beans"
	xmlns:xsi="http://www.w3.org/2001/XMLSchema-instance"
	xmlns:mybatis-spring="http://mybatis.org/schema/mybatis-spring"
	xsi:schemaLocation="http://mybatis.org/schema/mybatis-spring http://mybatis.org/schema/mybatis-spring-1.2.xsd
		http://www.springframework.org/schema/beans http://www.springframework.org/schema/beans/spring-beans.xsd">


<!-- SqlSession setup for MyBatis Database Layer Spring과 Mybatis 연동 설정 -->
	<bean id="sqlSession"
		class="org.mybatis.spring.SqlSessionFactoryBean">
		<property name="dataSource" ref="dataSource" />
		<property name="configLocation"		value="classpath:sql-map-config-spring.xml" />
		<property name="mapperLocations"		value="classpath:/mappings/*.xml" />
	</bean>
	<!-- SqlSessionTemplate -->
	<!-- <bean class="org.mybatis.spring.SqlSessionTemplate">
		<constructor-arg ref="sqlSession"></constructor-arg>
	</bean> -->
	<!-- MapperConfigurer setup for MyBatis Database Layer with @MapperScan("boardMapper") 
		in BoardMapper Interface -->
<!-- 	<bean class="org.mybatis.spring.mapper.MapperScannerConfigurer">
		<property name="basePackage" value="com.yedam.app.**.mapper" />
	</bean> -->
	<mybatis-spring:scan	base-package="com.yedam.app.**.mapper" />
</beans>
